{"cameraMode":{"drawMode":0,"name":"Shaded","section":"Shading Mode"},"sceneLighting":false,"audioPlay":false,"sceneViewState":{"m_AlwaysRefresh":false,"showFog":true,"showSkybox":false,"showFlares":true,"showImageEffects":true,"showParticleSystems":true,"showVisualEffectGraphs":true,"m_FxEnabled":true},"in2DMode":false,"pivot":{"x":-13.96629810333252,"y":-2.5900959968566896,"z":24.202253341674806},"rotation":{"x":0.15601502358913423,"y":-0.25724107027053835,"z":0.04213174805045128,"w":0.9527759552001953},"size":20.957611083984376,"orthographic":false}